{
    "logistic_regression": {
        "youden": {
            "accuracy": 0.7409638554216867,
            "precision": 0.9823008849557522,
            "recall": 0.7302631578947368,
            "f1_score": 0.8377358490566038,
            "roc_auc": 0.8477443609022556,
            "confusion_matrix": [
                [
                    12,
                    2
                ],
                [
                    41,
                    111
                ]
            ]
        },
        "probabilistic": {
            "accuracy": 0.9216867469879518,
            "precision": 0.9212121212121213,
            "recall": 1.0,
            "f1_score": 0.9589905362776026,
            "roc_auc": 0.8477443609022556,
            "confusion_matrix": [
                [
                    1,
                    13
                ],
                [
                    0,
                    152
                ]
            ]
        }
    },
    "xgboost": {
        "youden": {
            "accuracy": 0.8072289156626506,
            "precision": 0.9838709677419355,
            "recall": 0.8026315789473685,
            "f1_score": 0.8840579710144928,
            "roc_auc": 0.8886278195488722,
            "confusion_matrix": [
                [
                    12,
                    2
                ],
                [
                    30,
                    122
                ]
            ]
        },
        "probabilistic": {
            "accuracy": 0.9457831325301205,
            "precision": 0.9440993788819876,
            "recall": 1.0,
            "f1_score": 0.9712460063897763,
            "roc_auc": 0.8886278195488722,
            "confusion_matrix": [
                [
                    5,
                    9
                ],
                [
                    0,
                    152
                ]
            ]
        }
    }
}